t,steer_rad,accel,v_ref,cte,wp_idx
0.0000,0.558505,3.500000,8.0000,2.1213,1
0.0200,0.558505,3.500000,8.0000,2.1203,1
0.0400,0.558505,3.500000,8.0000,2.1184,1
0.0600,0.558505,3.500000,8.0000,2.1154,1
0.0800,0.558505,3.500000,8.0000,2.1114,1
0.1000,0.558505,3.500000,8.0000,2.1065,1
0.1200,0.558505,3.500000,8.0000,2.1005,1
0.1400,0.558505,3.500000,8.0000,2.0936,1
0.1600,0.558505,3.500000,8.0000,2.0857,1
0.1800,0.558505,3.500000,8.0000,2.0769,1
0.2000,0.558505,3.500000,8.0000,2.0670,1
0.2200,0.558505,3.500000,8.0000,2.0562,1
0.2400,0.558505,3.500000,8.0000,2.0444,1
0.2600,0.558505,3.500000,8.0000,2.0317,1
0.2800,0.558505,3.500000,8.0000,2.0180,1
0.3000,0.558505,3.500000,8.0000,2.0033,1
0.3200,0.558505,3.500000,8.0000,1.9878,1
0.3400,0.558505,3.500000,8.0000,1.9712,1
0.3600,0.558505,3.500000,8.0000,1.9538,1
0.3800,0.558505,3.500000,8.0000,1.9355,1
0.4000,0.558505,3.500000,8.0000,1.9163,1
0.4200,0.558505,3.500000,8.0000,1.8962,1
0.4400,0.558505,3.500000,8.0000,1.8752,1
0.4600,0.558505,3.500000,8.0000,1.8534,1
0.4800,0.558505,3.500000,8.0000,1.8307,1
0.5000,0.558505,3.500000,8.0000,1.8073,1
0.5200,0.558505,3.500000,8.0000,1.7831,1
0.5400,0.558505,3.500000,8.0000,1.7581,1
0.5600,0.558505,3.500000,8.0000,1.7324,1
0.5800,0.558505,3.500000,8.0000,1.7061,1
0.6000,0.558505,3.500000,8.0000,1.6791,1
0.6200,0.558505,3.500000,8.0000,1.6515,1
0.6400,0.558505,3.500000,8.0000,1.6234,1
0.6600,0.558505,3.500000,8.0000,1.5947,1
0.6800,0.558505,3.500000,8.0000,1.5657,1
0.7000,0.558505,3.500000,8.0000,1.5363,1
0.7200,0.558505,3.500000,8.0000,1.5066,1
0.7400,0.492192,3.500000,8.0000,1.4767,1
0.7600,0.401751,3.500000,8.0000,2.0103,1
0.7800,0.401703,3.500000,8.0000,1.9623,1
0.8000,0.401651,3.500000,8.0000,1.9132,1
0.8200,0.401595,3.500000,8.0000,1.8631,1
0.8400,0.401534,3.500000,8.0000,1.8118,1
0.8600,0.401467,3.500000,8.0000,1.7596,1
0.8800,0.401394,3.500000,8.0000,1.7063,1
0.9000,0.401315,3.500000,8.0000,1.6521,1
0.9200,0.401230,3.500000,8.0000,1.5970,1
0.9400,0.401136,3.500000,8.0000,1.5411,1
0.9600,0.401035,3.500000,8.0000,1.4843,1
0.9800,0.400924,3.500000,8.0000,1.4270,1
1.0000,0.327013,3.500000,8.0000,1.3690,1
1.0200,0.326960,3.500000,8.0000,1.3107,1
1.0400,0.326903,3.500000,8.0000,1.2523,1
1.0600,0.326841,3.500000,8.0000,1.1939,1
1.0800,0.149765,3.500000,8.0000,1.8093,1
1.1000,0.149711,3.500000,8.0000,1.7337,1
1.1200,0.149652,3.500000,8.0000,1.6568,1
1.1400,0.149589,3.500000,8.0000,1.5787,1
1.1600,0.149520,3.500000,8.0000,1.4992,1
1.1800,0.149446,3.500000,8.0000,1.4185,1
1.2000,0.149366,3.500000,8.0000,1.3366,1
1.2200,0.180263,3.500000,8.0000,1.2535,1
1.2400,0.180208,3.500000,8.0000,1.1692,1
1.2600,0.180149,3.500000,8.0000,1.0838,1
1.2800,0.180085,3.500000,8.0000,1.8622,2
1.3000,0.180017,3.500000,8.0000,1.7717,2
1.3200,0.179943,3.500000,8.0000,1.6798,2
1.3400,-0.083673,3.500000,8.0000,1.5867,1
1.3600,-0.083619,3.500000,8.0000,1.4923,1
1.3800,0.203961,3.500000,8.0000,1.9668,1
1.4000,0.203850,3.500000,8.0000,1.8753,1
1.4200,0.203730,3.500000,8.0000,1.7828,1
1.4400,0.203600,3.500000,8.0000,1.6895,1
1.4600,0.203458,3.500000,8.0000,1.5955,1
1.4800,0.203304,3.500000,8.0000,1.5010,1
1.5000,0.203136,3.500000,8.0000,1.4060,1
1.5200,-0.011874,3.500000,8.0000,1.3110,1
1.5400,-0.011866,3.500000,8.0000,1.2167,1
1.5600,-0.011857,3.500000,8.0000,1.1236,1
1.5800,-0.011848,3.500000,8.0000,1.0326,1
1.6000,-0.011838,3.500000,8.0000,1.5872,1
1.6200,-0.011826,3.500000,8.0000,1.4741,1
1.6400,-0.011814,3.500000,8.0000,1.3597,1
1.6600,-0.143277,3.500000,8.0000,1.2439,1
1.6800,-0.143172,3.500000,8.0000,1.1269,1
1.7000,-0.143058,3.500000,8.0000,1.0087,1
1.7200,-0.142934,3.500000,8.0000,1.7889,2
1.7400,-0.142799,3.425120,8.0000,1.6006,1
1.7600,-0.142652,3.352186,8.0000,2.0621,1
1.7800,-0.142491,3.280703,8.0000,1.9427,1
1.8000,-0.142315,3.210667,8.0000,1.8230,1
1.8200,-0.209909,3.142047,8.0000,1.7033,1
1.8400,-0.209731,3.074814,8.0000,1.5841,1
1.8600,-0.209538,3.008941,8.0000,1.4658,1
1.8800,-0.209327,2.944400,8.0000,1.3493,1
1.9000,-0.209097,2.881165,8.0000,1.2353,1
1.9200,-0.208846,2.819210,8.0000,1.1252,1
1.9400,-0.208570,2.758508,8.0000,1.7088,1
1.9600,-0.227693,2.699035,8.0000,1.5756,1
1.9800,-0.227485,2.640766,8.0000,1.4421,1
2.0000,-0.227259,2.583677,8.0000,1.3087,1
2.0200,-0.227012,2.527744,8.0000,1.1757,1
2.0400,-0.226742,2.472944,8.0000,1.0437,1
2.0600,-0.226447,2.419254,8.0000,1.7796,2
2.0800,-0.226122,2.366652,8.0000,1.6382,2
2.1000,-0.215768,2.315116,8.0000,1.4960,1
2.1200,-0.215550,2.264625,8.0000,1.3530,1
2.1400,-0.215313,2.215157,8.0000,1.2094,1
2.1600,-0.215054,2.166692,8.0000,1.0652,1
2.1800,-0.214771,2.119211,8.0000,1.8781,2
2.2000,-0.214462,2.072692,8.0000,1.7314,2
2.2200,-0.214122,2.027118,8.0000,1.5838,2
2.2400,0.065359,1.982469,8.0000,1.4353,1
2.2600,0.065286,1.938726,8.0000,1.2861,1
2.2800,0.065206,1.895871,8.0000,1.1362,1
2.3000,0.065121,1.853886,8.0000,1.9780,2
2.3200,0.065027,1.812755,8.0000,1.8283,2
2.3400,0.064925,1.772459,8.0000,1.6784,2
2.3600,0.064814,1.732982,8.0000,1.5283,2
2.3800,0.064692,1.694308,8.0000,1.3783,1
2.4000,0.201722,1.656420,8.0000,1.2288,1
2.4200,0.201505,1.619302,8.0000,1.0805,1
2.4400,0.201271,1.582940,8.0000,1.9319,2
2.4600,0.201016,1.547318,8.0000,1.7854,2
2.4800,0.200738,1.512421,8.0000,1.6409,2
2.5000,0.200435,1.478234,8.0000,1.4993,1
2.5200,0.200102,1.444743,8.0000,1.3616,1
2.5400,0.199735,1.411935,8.0000,1.2295,1
2.5600,0.232842,1.379796,8.0000,1.1054,1
2.5800,0.232600,1.348311,8.0000,1.9592,2
2.6000,0.232339,1.388072,8.0000,1.8000,2
2.6200,0.232057,1.407821,8.0000,1.6414,2
2.6400,0.366524,1.407821,8.0000,1.9796,1
2.6600,0.366224,1.407821,8.0000,1.8285,1
2.6800,0.365898,1.407821,8.0000,1.6778,1
2.7000,0.365541,1.407821,8.0000,1.5275,1
2.7200,0.365152,1.407821,8.0000,1.3779,1
2.7400,0.364726,1.407821,8.0000,1.2295,1
2.7600,0.364258,1.407821,8.0000,1.0827,1
2.7800,0.124690,1.407821,8.0000,1.6736,1
2.8000,0.124523,1.407821,8.0000,1.5141,1
2.8200,0.124343,1.407821,8.0000,1.3548,1
2.8400,0.124148,1.407821,8.0000,1.1958,1
2.8600,0.288338,1.407821,8.0000,1.7304,1
2.8800,0.288020,1.407821,8.0000,1.5828,1
2.9000,0.287676,1.407821,8.0000,1.4367,1
2.9200,0.287301,1.407821,8.0000,1.2924,1
2.9400,0.058846,1.407821,8.0000,1.7798,1
2.9600,0.058770,1.407821,8.0000,1.6199,1
2.9800,0.058688,1.407821,8.0000,1.4601,1
3.0000,0.058600,1.407821,8.0000,1.3003,1
3.0200,0.058505,1.407821,8.0000,1.1407,1
3.0400,0.058402,1.407821,8.0000,2.3865,2
3.0600,0.242891,1.407821,8.0000,1.6101,1
3.0800,0.242583,1.407821,8.0000,1.4652,1
3.1000,0.242249,1.407821,8.0000,1.9065,1
3.1200,0.241886,1.407821,8.0000,1.7466,1
3.1400,0.241490,1.407821,8.0000,1.5868,1
3.1600,0.241056,1.407821,8.0000,1.4273,1
3.1800,0.121051,1.407821,8.0000,1.2682,1
3.2000,0.120914,1.407821,8.0000,1.1094,1
3.2200,0.120767,1.407821,8.0000,1.7455,2
3.2400,0.393197,1.407821,8.0000,1.5936,1
3.2600,0.392645,1.407821,8.0000,1.4420,1
3.2800,0.071589,1.407821,8.0000,1.8836,1
3.3000,0.071468,1.407821,8.0000,1.7261,1
3.3200,0.071337,1.407821,8.0000,1.5693,1
3.3400,0.071194,1.407821,8.0000,1.4133,1
3.3600,0.004452,1.407821,8.0000,1.2585,1
3.3800,0.242032,1.407821,8.0000,1.1053,1
3.4000,0.241673,1.407821,8.0000,1.6905,1
3.4200,0.241282,1.407821,8.0000,1.5324,1
3.4400,0.240853,1.407821,8.0000,1.3742,1
3.4600,0.075746,1.407821,8.0000,1.2161,1
3.4800,-0.093787,1.407821,8.0000,1.7375,1
3.5000,-0.093612,1.407821,8.0000,1.5887,1
3.5200,-0.093421,1.407821,8.0000,1.4419,1
3.5400,0.116779,1.407821,8.0000,1.2978,1
3.5600,0.116599,1.407821,8.0000,1.1585,1
3.5800,0.116403,1.407821,8.0000,1.6364,1
3.6000,0.116190,1.407821,8.0000,1.4764,1
3.6200,0.115958,1.407821,8.0000,1.3165,1
3.6400,0.230151,1.407821,8.0000,1.1567,1
3.6600,0.229839,1.407821,8.0000,1.8886,2
3.6800,0.229500,1.407821,8.0000,1.7337,2
3.7000,0.229131,1.407821,8.0000,1.5308,1
3.7200,0.228727,1.407821,8.0000,1.9359,1
3.7400,0.271191,1.407821,8.0000,1.7811,1
3.7600,0.270868,1.407821,8.0000,1.6282,1
3.7800,0.270517,1.407821,8.0000,1.4777,1
3.8000,0.270136,1.407821,8.0000,1.3306,1
3.8200,0.269719,1.407821,8.0000,1.1880,1
3.8400,0.269263,1.407821,8.0000,1.0521,1
3.8600,0.269827,1.407821,8.0000,1.6219,2
3.8800,0.269511,1.407821,8.0000,1.4635,1
3.9000,0.269169,1.407821,8.0000,1.3059,1
3.9200,0.268796,1.407821,8.0000,1.1496,1
3.9400,0.268390,1.407821,8.0000,1.8919,2
3.9600,0.267945,1.407821,8.0000,1.7319,2
3.9800,0.267457,1.407821,8.0000,1.5719,1
4.0000,0.241784,1.407821,8.0000,1.4119,1
4.0200,0.241475,1.407821,8.0000,1.2520,1
4.0400,0.241139,1.407821,8.0000,1.0921,1
4.0600,0.240774,1.407821,8.0000,1.9045,2
4.0800,0.240376,1.407821,8.0000,1.7451,2
4.1000,0.239940,1.407821,8.0000,1.5857,2
4.1200,0.201587,1.407821,8.0000,1.4261,1
4.1400,0.201326,1.407821,8.0000,1.2665,1
4.1600,0.201043,1.407821,8.0000,1.1068,1
4.1800,0.200737,1.407821,8.0000,1.9440,2
4.2000,0.200403,1.407821,8.0000,1.7851,2
4.2200,0.200039,1.407821,8.0000,1.6262,2
4.2400,0.158132,1.407821,8.0000,1.4673,1
4.2600,0.157925,1.407821,8.0000,1.3085,1
4.2800,0.157702,1.407821,8.0000,1.1497,1
4.3000,0.157461,1.407821,8.0000,1.9909,2
4.3200,0.157198,1.407821,8.0000,1.8322,2
4.3400,0.156912,1.407821,8.0000,1.6734,2
4.3600,0.156600,1.407821,8.0000,1.5147,2
4.3800,0.113920,1.407821,8.0000,1.3561,1
4.4000,0.113759,1.407821,8.0000,1.1977,1
4.4200,0.113584,1.407821,8.0000,1.0396,1
4.4400,0.113395,1.407821,8.0000,1.8779,2
4.4600,0.113190,1.407821,8.0000,1.7189,2
4.4800,0.112965,1.407821,8.0000,1.5601,2
4.5000,0.076648,1.407821,8.0000,1.4013,1
4.5200,0.076540,1.407821,8.0000,1.2427,1
4.5400,0.076423,1.407821,8.0000,1.0845,1
4.5600,0.076297,1.407821,8.0000,1.9206,2
4.5800,0.076160,1.407821,8.0000,1.7613,2
4.6000,0.076011,1.407821,8.0000,1.6021,2
4.6200,0.047173,1.407821,8.0000,1.4430,1
4.6400,0.047107,1.407821,8.0000,1.2841,1
4.6600,0.047037,1.407821,8.0000,1.1254,1
4.6800,0.046960,1.407821,8.0000,1.9609,2
4.7000,0.046877,1.407821,8.0000,1.8013,2
4.7200,0.046787,1.407821,8.0000,1.6418,2
4.7400,0.025242,1.407821,8.0000,1.4824,1
4.7600,0.025207,1.407821,8.0000,1.3231,1
4.7800,0.025170,1.407821,8.0000,1.1639,1
4.8000,0.025130,1.407821,8.0000,1.0050,1
4.8200,0.025086,1.407821,8.0000,1.8403,2
4.8400,0.025039,1.407821,8.0000,1.6805,2
4.8600,0.024987,1.407821,8.0000,1.5209,2
4.8800,0.008732,1.407821,8.0000,1.3612,1
4.9000,0.008719,1.407821,8.0000,1.2017,1
4.9200,0.008705,1.407821,8.0000,1.0423,1
4.9400,0.008690,1.407821,8.0000,1.8789,2
4.9600,0.008674,1.407821,8.0000,1.7191,2
4.9800,0.008657,1.407821,8.0000,1.5592,2
5.0000,-0.001674,1.407821,8.0000,1.3994,1
5.0200,-0.001672,1.407821,8.0000,1.2396,1
5.0400,-0.001669,1.407821,8.0000,1.0799,1
5.0600,-0.001666,1.407821,8.0000,1.9179,2
5.0800,-0.001663,1.407821,8.0000,1.7579,2
5.1000,-0.001660,1.407821,8.0000,1.5980,2
5.1200,-0.007540,1.407821,8.0000,1.4380,1
5.1400,-0.007529,1.407821,8.0000,1.2781,1
5.1600,-0.007518,1.407821,8.0000,1.1183,1
5.1800,-0.007506,1.407821,8.0000,1.9571,2
5.2000,-0.007492,1.407821,8.0000,1.7971,2
5.2200,-0.007478,1.407821,8.0000,1.6371,2
5.2400,-0.010211,1.407821,8.0000,1.4772,1
5.2600,-0.010197,1.407821,8.0000,1.3172,1
5.2800,-0.010182,1.407821,8.0000,1.1572,1
5.3000,-0.010165,1.407821,8.0000,1.9967,2
5.3200,-0.010148,1.407821,8.0000,1.8367,2
5.3400,-0.010128,1.407821,8.0000,1.6767,2
5.3600,-0.010108,1.407821,8.0000,1.5167,2
5.3800,-0.010816,1.407821,8.0000,1.3567,1
5.4000,-0.010800,1.407821,8.0000,1.1967,1
5.4200,-0.010783,1.407821,8.0000,1.0367,1
5.4400,-0.010765,1.407821,8.0000,1.8765,2
5.4600,-0.010745,1.407821,8.0000,1.7165,2
5.4800,-0.010723,1.407821,8.0000,1.5565,2
5.5000,-0.010058,1.407821,8.0000,1.3965,1
5.5200,-0.010044,1.407821,8.0000,1.2365,1
5.5400,-0.010028,1.407821,8.0000,1.0765,1
5.5600,-0.010012,1.407821,8.0000,1.9164,2
5.5800,-0.009993,1.407821,8.0000,1.7564,2
5.6000,-0.009974,1.407821,8.0000,1.5964,2
5.6200,-0.008600,1.407821,8.0000,1.4364,1
5.6400,-0.008588,1.407821,8.0000,1.2764,1
5.6600,-0.008575,1.407821,8.0000,1.1164,1
5.6800,-0.008561,1.407821,8.0000,1.9564,2
5.7000,-0.008546,1.407821,8.0000,1.7964,2
5.7200,-0.008530,1.407821,8.0000,1.6364,2
5.7400,-0.248573,1.407821,8.0000,1.4764,1
5.7600,-0.248292,1.407821,8.0000,1.3164,1
5.7800,-0.247987,1.407821,8.0000,1.1565,1
5.8000,-0.247658,1.407821,8.0000,1.9967,2
5.8200,-0.247299,1.407821,8.0000,1.8370,2
5.8400,-0.246908,1.407821,8.0000,1.6776,2
5.8600,-0.246480,1.407821,8.0000,1.5187,2
5.8800,-0.326295,1.407821,8.0000,1.3603,1
5.9000,-0.513397,1.407821,8.0000,1.2029,1
5.9200,-0.311227,1.407821,8.0000,1.0477,1
5.9400,-0.310883,1.407821,8.0000,1.8895,2
5.9600,-0.310509,1.407821,8.0000,1.7359,2
5.9800,-0.310101,1.407821,8.0000,1.5845,2
6.0000,-0.469454,1.407821,8.0000,1.4363,1
6.0200,-0.294119,1.407821,8.0000,1.2931,1
6.0400,-0.293598,1.407821,8.0000,1.1560,1
6.0600,-0.493130,1.407821,8.0000,1.0273,1
6.0800,-0.279083,1.407821,8.0000,1.8920,2
6.1000,-0.278781,1.407821,8.0000,1.7322,2
6.1200,-0.278453,1.407821,8.0000,1.5727,2
6.1400,-0.278097,1.407821,8.0000,1.4135,2
6.1600,-0.408335,1.407821,8.0000,1.7988,1
6.1800,-0.408002,1.407821,8.0000,1.6524,1
6.2000,-0.407636,1.407821,8.0000,1.5069,1
6.2200,-0.558505,1.407821,8.0000,1.1378,1
6.2400,-0.394057,1.407821,8.0000,1.2193,1
6.2600,-0.393571,1.407821,8.0000,1.0785,1
6.2800,-0.146804,1.407821,8.0000,1.6222,1
6.3000,-0.412571,1.407821,8.0000,1.4623,1
6.3200,-0.123490,1.407821,8.0000,1.3026,1
6.3400,-0.123293,1.407821,8.0000,1.1430,1
6.3600,-0.285856,1.407821,8.0000,1.7207,1
6.3800,-0.285536,1.407821,8.0000,1.5751,1
6.4000,-0.285189,1.407821,8.0000,1.4311,1
6.4200,-0.067321,1.407821,8.0000,1.8990,1
6.4400,-0.067239,1.407821,8.0000,1.7390,1
6.4600,-0.067151,1.407821,8.0000,1.5790,1
6.4800,-0.558505,1.407821,8.0000,1.8968,2
6.5000,-0.021656,1.407821,8.0000,1.2593,1
6.5200,-0.021620,1.407821,8.0000,1.0996,1
6.5400,-0.201939,1.407821,8.0000,1.7400,2
6.5600,-0.201689,1.407821,8.0000,1.5924,1
6.5800,-0.201419,1.407821,8.0000,1.4465,1
6.6000,0.014668,1.407821,8.0000,1.8697,1
6.6200,0.014650,1.407821,8.0000,1.7099,1
6.6400,0.014630,1.407821,8.0000,1.5501,1
6.6600,0.014609,1.407821,8.0000,1.3904,1
6.6800,0.014586,1.407821,8.0000,1.2308,1
6.7000,0.014562,1.407821,8.0000,1.0712,1
6.7200,0.014535,1.407821,8.0000,2.3228,2
6.7400,-0.187679,1.407821,8.0000,1.5768,1
6.7600,-0.467404,1.407821,8.0000,1.4310,1
6.7800,0.052410,1.407821,8.0000,1.8434,1
6.8000,0.052345,1.407821,8.0000,1.6839,1
6.8200,0.052274,1.407821,8.0000,1.5245,1
6.8400,0.052198,1.407821,8.0000,1.3652,1
6.8600,0.052117,1.407821,8.0000,1.2059,1
6.8800,0.052028,1.407821,8.0000,1.0469,1
6.9000,0.051932,1.407821,8.0000,2.2979,2
6.9200,-0.161586,1.407821,8.0000,1.5463,1
6.9400,0.040587,1.407821,8.0000,1.9785,1
6.9600,0.040539,1.407821,8.0000,1.8189,1
6.9800,0.040488,1.407821,8.0000,1.6594,1
7.0000,0.040432,1.407821,8.0000,1.4999,1
7.0200,-0.238529,1.407821,8.0000,1.3405,1
7.0400,0.063781,1.407821,8.0000,1.1816,1
7.0600,-0.126685,1.407821,8.0000,1.0229,1
7.0800,0.080750,1.407821,8.0000,2.2731,2
7.1000,-0.142139,1.407821,8.0000,1.5156,1
7.1200,0.059333,1.407821,8.0000,1.9542,1
7.1400,-0.259214,1.407821,8.0000,1.2220,1
7.1600,-0.148976,1.407821,8.0000,1.6362,1
7.1800,-0.148698,1.407821,8.0000,1.4778,1
7.2000,-0.530023,1.407821,8.0000,1.8116,2
7.2200,-0.021144,1.407821,8.0000,1.1644,1
7.2400,-0.021118,1.407821,8.0000,1.0101,1
7.2600,-0.021090,1.407821,8.0000,1.6181,1
7.2800,-0.021060,1.407821,8.0000,1.4622,1
7.3000,-0.021028,1.407821,8.0000,1.3073,1
7.3200,0.172924,1.407821,8.0000,1.7871,1
7.3400,0.172715,1.407821,8.0000,1.6318,1
7.3600,0.172489,1.407821,8.0000,1.4771,1
7.3800,-0.019364,1.407821,8.0000,1.3231,1
7.4000,-0.019341,1.407821,8.0000,1.1708,1
7.4200,-0.269450,1.407821,8.0000,1.7233,1
7.4400,0.000232,1.407821,8.0000,1.5651,1
7.4600,0.000232,1.407821,8.0000,1.4072,1
7.4800,0.000232,1.407821,8.0000,1.2500,1
7.5000,0.000231,1.407821,8.0000,1.7865,1
7.5200,0.000231,1.407821,8.0000,1.6342,1
7.5400,-0.439601,1.407821,8.0000,1.7531,2
7.5600,0.265595,1.407821,8.0000,1.3366,1
7.5800,-0.183141,1.407821,8.0000,1.8384,1
7.6000,-0.469696,1.407821,8.0000,1.3544,1
7.6200,-0.154816,1.407821,8.0000,1.5185,1
7.6400,-0.488751,1.407821,8.0000,1.1155,1
7.6600,-0.002024,1.407821,8.0000,1.1986,1
7.6800,-0.002022,1.407821,8.0000,1.0387,1
7.7000,0.208690,1.407821,8.0000,2.2878,2
7.7200,0.208294,1.407821,8.0000,1.5462,1
7.7400,0.154019,1.407821,8.0000,1.9701,1
7.7600,0.153846,1.407821,8.0000,1.8112,1
7.7800,-0.070408,1.407821,8.0000,1.6524,1
7.8000,-0.070276,1.407821,8.0000,1.4938,1
7.8200,-0.462133,1.407821,8.0000,1.9287,2
7.8400,0.241841,1.407821,8.0000,1.1792,1
7.8600,0.029256,1.407821,8.0000,1.0232,1
7.8800,-0.233230,1.407821,8.0000,1.6817,2
7.9000,-0.280733,1.407821,8.0000,1.5250,1
7.9200,-0.227991,1.407821,8.0000,1.3683,1
7.9400,0.102479,1.407821,8.0000,1.8160,1
7.9600,0.281989,1.407821,8.0000,1.6643,1
7.9800,0.085136,1.407821,8.0000,1.5133,1
8.0000,0.295774,1.407821,8.0000,1.3640,1
8.0200,0.083196,1.407821,8.0000,1.2162,1
8.0400,-0.153032,1.407821,8.0000,1.7648,1
8.0600,0.100642,1.407821,8.0000,1.6050,1
8.0800,-0.174863,1.407821,8.0000,1.4453,1
8.1000,-0.174519,1.407821,8.0000,1.2855,1
8.1200,0.147099,1.407821,8.0000,1.1258,1
8.1400,-0.295300,1.407821,8.0000,1.8960,2
8.1600,-0.294894,1.407821,8.0000,1.7455,2
8.1800,0.387603,1.407821,8.0000,1.4323,1
8.2000,0.165634,1.407821,8.0000,1.8852,1
8.2200,-0.385903,1.407821,8.0000,1.3082,1
8.2400,-0.019950,1.407821,8.0000,1.5675,1
8.2600,0.223021,1.407821,8.0000,1.4093,1
8.2800,0.222711,1.407821,8.0000,1.2512,1
8.3000,-0.213596,1.407821,8.0000,1.0933,1
8.3200,0.039342,1.407821,8.0000,1.7769,2
8.3400,-0.553029,1.407821,8.0000,1.5625,2
8.3600,-0.201048,1.407821,8.0000,1.4640,1
8.3800,0.276856,1.407821,8.0000,1.8856,1
8.4000,0.100118,1.407821,8.0000,1.7326,1
8.4200,0.288582,1.407821,8.0000,1.5807,1
8.4400,0.288241,1.407821,8.0000,1.4295,1
8.4600,0.084547,1.407821,8.0000,1.2794,1
8.4800,-0.450720,1.407821,8.0000,1.5749,2
8.5000,-0.413013,1.407821,8.0000,1.4461,1
8.5200,0.167422,1.407821,8.0000,1.5321,1
8.5400,-0.109692,1.407821,8.0000,1.3722,1
8.5600,-0.212604,1.407821,8.0000,1.1010,1
8.5800,0.029244,1.407821,8.0000,1.0522,1
8.6000,0.238193,1.407821,8.0000,1.6483,1
8.6200,-0.268274,1.407821,8.0000,1.6718,2
8.6400,0.215930,1.407821,8.0000,1.9735,1
8.6600,0.020434,1.407821,8.0000,1.8154,1
8.6800,-0.345748,1.407821,8.0000,1.2287,1
8.7000,-0.345369,1.407821,8.0000,1.0867,1
8.7200,0.315087,1.407821,8.0000,1.3461,1
8.7400,0.314681,1.407821,8.0000,1.1917,1
8.7600,0.314237,1.407821,8.0000,1.0379,1
8.7800,-0.497928,1.407821,8.0000,1.5702,2
8.8000,0.128028,1.407821,8.0000,1.5343,1
8.8200,0.127842,1.407821,8.0000,1.3762,1
8.8400,0.287700,1.407821,8.0000,1.8382,1
8.8600,0.287403,1.407821,8.0000,1.6872,1
8.8800,0.287081,1.407821,8.0000,1.5370,1
8.9000,0.286731,1.407821,8.0000,1.3879,1
8.9200,-0.438365,1.407821,8.0000,1.6114,2
8.9400,-0.114941,1.407821,8.0000,1.7783,1
8.9600,-0.203772,1.407821,8.0000,1.3500,1
8.9800,0.156401,1.407821,8.0000,1.4583,1
9.0000,-0.228807,1.407821,8.0000,1.1168,1
9.0200,0.004229,1.407821,8.0000,1.1383,1
9.0400,-0.524478,1.407821,8.0000,1.8707,2
9.0600,-0.219948,1.407821,8.0000,1.7392,2
9.0800,0.438607,1.407821,8.0000,1.4797,1
9.1000,0.219708,1.407821,8.0000,1.9086,1
9.1200,0.020599,1.407821,8.0000,1.7510,1
9.1400,-0.558505,1.407821,8.0000,1.1426,1
9.1600,-0.342418,1.407821,8.0000,1.0000,1
9.1800,-0.341984,1.407821,8.0000,1.8609,2
9.2000,-0.341508,1.407821,8.0000,1.7239,2
9.2200,-0.340985,1.407821,8.0000,1.5893,2
9.2400,-0.317730,1.407821,8.0000,1.4576,1
9.2600,-0.069164,1.407821,8.0000,1.3300,1
9.2800,0.320359,1.407821,8.0000,1.2920,1
9.3000,0.126494,1.407821,8.0000,1.1322,1
9.3200,0.445478,1.407821,8.0000,1.6945,1
9.3400,0.324199,1.407821,8.0000,1.5608,1
9.3600,0.249070,1.407821,8.0000,1.4306,1
9.3800,-0.247458,1.407821,8.0000,1.4534,1
9.4000,0.094841,1.407821,8.0000,1.7340,1
9.4200,0.539176,1.407821,8.0000,1.5781,1
9.4400,0.273503,1.407821,8.0000,1.4216,1
9.4600,0.080727,1.407821,8.0000,1.2654,1
9.4800,0.287899,1.407821,8.0000,1.1100,1
9.5000,0.064911,1.407821,8.0000,1.7737,2
9.5200,-0.531587,1.407821,8.0000,1.5270,1
9.5400,-0.459788,1.407821,8.0000,1.4197,1
9.5600,0.164320,1.407821,8.0000,1.9078,1
9.5800,-0.244298,1.407821,8.0000,1.1423,1
9.6000,-0.243977,-3.421046,6.6960,1.9591,2
9.6200,0.396528,3.500000,8.0000,1.4699,1
9.6400,0.396113,1.233062,8.0000,1.3289,1
9.6600,0.395657,1.404114,8.0000,1.1906,1
9.6800,-0.072415,-3.500000,6.4538,1.7004,1
9.7000,-0.072288,3.500000,8.0000,1.5419,1
9.7200,0.191794,1.224686,8.0000,1.3821,1
9.7400,-0.211262,1.399686,8.0000,1.2222,1
9.7600,-0.489159,-3.500000,6.0714,1.8897,2
9.7800,-0.488645,2.711775,6.9839,1.7755,2
9.8000,-0.157314,-3.041816,6.1484,1.6476,2
9.8200,0.494848,-3.500000,4.9160,2.0058,1
9.8400,0.273860,3.500000,8.0000,1.8536,1
9.8600,-0.532297,-3.500000,6.3612,1.1919,1
9.8800,0.329940,-3.304269,5.5358,1.5508,1
9.9000,0.128058,-3.500000,4.5494,1.4032,1
9.9200,0.343510,3.500000,8.0000,1.2585,1
9.9400,-0.097934,-3.500000,4.8616,1.8729,2
9.9600,0.375125,1.928880,5.8991,2.3712,2
9.9800,-0.138669,1.818676,6.6570,1.5641,1
10.0000,0.142206,-2.982506,5.8834,1.4087,1
10.0200,0.504338,2.372184,6.7244,1.9324,2
10.0400,0.272564,-2.837169,5.9740,1.7866,1
10.0600,0.518906,-3.500000,4.2839,1.6428,1
10.0800,0.051336,-3.500000,2.9778,1.5002,1
10.1000,0.062761,3.500000,6.4837,1.3610,1
10.1200,-0.464666,3.500000,8.0000,1.5055,2
10.1400,0.101987,-3.500000,6.6369,1.7160,1
10.1600,-0.239070,-3.500000,5.5803,1.2570,1
10.1800,0.126979,1.749147,6.3081,1.4112,1
10.2000,-0.510660,-2.084258,5.8475,1.0409,1
10.2200,-0.510263,-3.500000,3.9690,1.9158,2
10.2400,0.237593,-3.500000,3.4524,2.3670,2
10.2600,0.237232,2.543121,5.0470,1.6293,1
10.2800,-0.161003,-3.500000,1.7921,2.0717,2
10.3000,-0.322376,3.500000,4.1860,1.4293,1
10.3200,0.229830,3.197623,5.8392,1.7784,1
10.3400,-0.116975,-3.500000,3.8902,1.1510,1
10.3600,0.252583,1.076667,4.9745,1.4846,1
10.3800,-0.412179,-1.984421,4.9507,1.8896,2
10.4000,0.300196,-3.500000,3.0856,1.1956,1
10.4200,0.558505,-3.500000,2.7386,1.0547,1
10.4400,0.276373,-3.500000,2.5598,2.3209,2
10.4600,0.029232,1.338164,4.0881,1.5553,1
10.4800,0.029197,-3.500000,2.6743,1.4129,1
10.5000,0.205304,3.500000,4.9592,1.8982,1
10.5200,0.205116,-3.500000,3.9638,1.7575,1
10.5400,0.204918,-2.763638,3.9250,1.6185,1
10.5600,-0.435610,-3.500000,3.4362,1.8471,2
10.5800,-0.169148,-3.500000,1.5778,1.3474,1
10.6000,-0.442051,-3.500000,1.9527,1.9232,2
10.6200,-0.558505,-3.500000,0.8049,1.4955,1
